ID,Name,Industry,Inception,Employees,State,City,Revenue,Expenses,Profit,Growth
1,Over-Hex,Software,0.4666666666666667,0.05970149253731343,TN,Franklin,0.3929447660182312,0.10822662766011673,0.46310907617324787,0.6666666666666666
2,Unimattax,IT Services,0.6666666666666666,0.08706467661691543,PA,Newtown Square,0.6098238869941797,0.07485759949954375,0.7156998952698358,0.696969696969697
3,Greenfax,Retail,0.8666666666666667,0.06716417910447761,SC,Greenville,0.3960359829769543,0.09940847647783072,0.4711373405218117,0.5757575757575758
4,Blacklane,IT Services,0.8,0.16169154228855723,CA,Orange,0.6770514601387961,0.46586693637151033,0.5809675969773344,0.6666666666666666
5,Yearflex,Software,0.9333333333333333,0.10945273631840796,WI,Madison,0.33704217622474925,0.4396176012442761,0.22667145893738247,0.6666666666666666
6,Indigoplanet,IT Services,0.9333333333333333,0.14676616915422885,NJ,Manalapan,0.5491915274872243,0.4653017370608635,0.4427957835536122,0.7575757575757576
7,Treslam,Financial Services,0.6666666666666666,0.2860696517412935,MO,Clayton,0.17781579100459619,0.2100997939928701,0.17605310853831696,0.6060606060606061
8,Rednimdox,Construction,0.9333333333333333,0.1791044776119403,NY,Woodside,0.36143092430516083,0.4539463690924133,0.24547897079461978,0.3939393939393939
9,Lamtone,IT Services,0.6666666666666666,0.13432835820895522,CA,San Ramon,0.49670246827754055,0.6549126729780079,0.2853088563895485,1
10,Stripfind,Financial Services,0.7333333333333333,0.05970149253731343,FL,Boca Raton,0.5253568904975755,0.0863413707814736,0.618127123637765,0.696969696969697
11,Canecorporation,Health,0.8666666666666667,0.012437810945273632,NY,New York,0.4386274906587624,0.7681695029974563,0.16229954822239578,0.30303030303030304
12,Mattouch,IT Services,0.9333333333333333,0.012437810945273632,WA,Bellevue,0.6103441045894196,0.7516403089156948,0.3570413197258581,0.8787878787878788
13,Techdrill,Health,0.6666666666666666,0.01990049751243781,MS,Flowood,0.4374750617467396,0.7522517824514858,0.16950026209650748,0.3333333333333333
14,Techline,IT Services,0.4666666666666667,0.15920398009950248,CA,San Ramon,0.6038950785543088,0.5515197099086191,0.4562768372401292,0.7878787878787878
17,Ganzlax,IT Services,0.8,0.18407960199004975,NJ,Iselin,0.6090547499606245,0.2072412113958809,0.644600497473702,0.6363636363636364
18,Trantraxlax,Government Services,0.8,0.0845771144278607,VA,Suffolk,0.46322540716501487,0.5683718020603165,0.2949873961617447,0.30303030303030304
19,E-Zim,Retail,0.6,0.7935323383084577,OH,Monroe,0.4461091919259986,0.4791987142915952,0.3237817934341192,0.48484848484848486
20,Daltfase,Software,0.8,0.19154228855721392,NC,Durham,0.4292964661550167,0.6256918788326269,0.22781819893179137,0.6060606060606061
21,Hotlane,Government Services,0.8666666666666667,0.21393034825870647,AL,Huntsville,0.3075253973424095,0.573611923917819,0.12358354567451843,0.15151515151515152
23,Lambam,IT Services,0.8666666666666667,0.5199004975124378,SC,Columbia,0.5063713763873179,0.43866463822800567,0.4105601361296945,0.696969696969697
24,Quozap,Software,0.3333333333333333,0.04975124378109453,NJ,Collingswood,0.3238537515193248,0.709819441650909,0.06897101583487986,0.696969696969697
25,Tampware,Construction,0.8,0.029850746268656716,TX,Houston,0.39802403424314425,0.29006042923480924,0.37209636216120207,0.42424242424242425
26,Dalthow,Health,0.06666666666666667,0.0472636815920398,GA,Dacula,0.4488260284423,0.7825350450642512,0.1657195985943733,0.30303030303030304
28,Unadex,Software,0.9333333333333333,0.6940298507462687,NC,Cary,0.169996055938586,0.23671380678845946,0.15345820997519571,0.6666666666666666
29,Groovecane,Construction,0.8,0.03980099502487562,UT,South Jordan,0.24909221003313553,0.35641613583252285,0.1755835686635377,0.5454545454545454
30,Tambase,Software,0.7333333333333333,0.06965174129353234,AZ,Scottsdale,0.36577439828531955,0.2372872802983043,0.36518100491075817,0.7272727272727273
31,Georedfase,IT Services,0.6,0.04477611940298507,VA,Vienna,0.5672031417918615,0.07547979884910996,0.6692115438709648,0.5757575757575758
32,Konktraxbam,Software,0.8,0.004975124378109453,WI,Franklin,0.4840743626295625,0.47104975173827135,0.3692232227265107,0.6666666666666666
33,Stanquote,IT Services,0.8,0.3283582089552239,IL,Des Plaines,0.6801459813378509,0.031012617949475695,0.815130439912234,0.8787878787878788
34,Lexiholding,Health,0.8,0.022388059701492536,CA,Newport Beach,0.23830987306009802,0.4950353272553041,0.09033020039267847,0.30303030303030304
35,Mediahex,IT Services,0.4,0.06965174129353234,TX,Houston,0.6476738098001165,0.36921530048571594,0.6004523631735864,0.6666666666666666
36,Triojob,Financial Services,0.8,0.07960199004975124,TX,Dallas,0.37888201929536175,0.015566016004752863,0.4970614719869041,0.6363636363636364
37,D-Zoocare,Financial Services,0.7333333333333333,0.24129353233830847,WA,Seattle,0.3663562950334164,0.2425735742303437,0.3630053436457158,0.48484848484848486
38,Zun-Trax,Retail,0.9333333333333333,0.05472636815920398,SC,Columbia,0.395330978244381,0.44603408949639445,0.28639226814218577,0.45454545454545453
39,Biotain,Construction,0.8666666666666667,0.1517412935323383,IA,Davenport,0.4909713635508448,0.481135591958173,0.37133929688735184,0.48484848484848486
40,Newjofix,Financial Services,0.7333333333333333,0.22139303482587064,CA,West Hollywood,0.5258821645818078,0.1372999163284375,0.5916482736439352,0.6666666666666666
41,Ozer-Dox,Health,0.9333333333333333,0.0845771144278607,GA,Duluth,0.38978791483110276,0.6831857137880949,0.15451407828021316,0.36363636363636365
43,Istone,Software,0.8,0.12189054726368159,VA,Reston,0.12961648683755864,0.03991596273831864,0.21418343328857703,0.696969696969697
44,Ganzgreen,Construction,0.7333333333333333,0.554726368159204,TN,Franklin,0.36143092430516083,0.4539463690924133,0.24547897079461978,0.36363636363636365
45,Zamhouse,Construction,0.6666666666666666,0.0945273631840796,ME,Lisbon Falls,0.28576562302402675,0.66293721609154,0.052605816178500624,0.45454545454545453
46,Openjocon,Construction,0.9333333333333333,0.18407960199004975,IL,Midlothian,0.4775441323850898,0.4292356264135729,0.3843450634442713,0.48484848484848486
47,Trisity,Health,0.8666666666666667,0.06218905472636816,CA,San Diego,0.25445519234834063,0.6408063891527496,0.03044331721137991,0.09090909090909091
48,Planetice,Health,0.8666666666666667,0.10199004975124377,MD,Silver Spring,0.4466735661874884,0.6855182207570647,0.21488297179485902,0.21212121212121213
49,Villadox,Construction,0.8666666666666667,0.0945273631840796,CA,Carlsbad,0.3412345062418602,0.10482021135573572,0.4089151199864148,0.42424242424242425
50,Alphacane,Retail,0.9333333333333333,0.004975124378109453,MO,O'Fallon,0.3037921564744036,0.5927234853542077,0.10939644715551008,0.5151515151515151
51,Rankcone,Government Services,0.8,0.08706467661691543,VA,Virginia Beach,0.21033126811637373,0.48684662811570845,0.06437586873009742,0.2727272727272727
52,Iceice,Government Services,0.7333333333333333,0.04975124378109453,WV,Star City,0.22612763959989854,0.14141341913711952,0.26483192966574615,0.2727272727272727
53,Fixquadtech,Health,0.8666666666666667,0.208955223880597,PA,Philadelphia,0.32362450733025694,0.7045587875213226,0.07151498938276002,0.3333333333333333
54,Zonhigh,IT Services,0.7333333333333333,0.236318407960199,IL,Chicago,0.5450978741018349,0.4522084808090165,0.44531199677633226,0.7272727272727273
55,Toughway,Financial Services,0.7333333333333333,0.5422885572139303,FL,St. Petersburg,0.5810666328098849,0.32890830522233744,0.5497111516479332,0.6666666666666666
56,Bluetexon,IT Services,0.7333333333333333,0.2885572139303483,TX,Plano,0.5432067472187058,0.8457757710404458,0.23436670782279456,0.6363636363636364
57,Nimvivafind,Financial Services,0.6666666666666666,0.08208955223880597,NJ,Newark,0.48913460644044504,0.26161056572334324,0.4858693438608583,0.6666666666666666
58,Eremenko,Financial Services,0.8666666666666667,0.14676616915422885,FL,Maitland,0.48111321258571127,0.315817602735675,0.44841025509786925,0.5454545454545454
59,Hot-Electrics,IT Services,0.4666666666666667,0.11194029850746269,GA,Augusta,0.7699055698177472,0.13697609890303528,0.8560965469408663,0.5757575757575758
60,Namdom,Software,0.9333333333333333,0.25870646766169153,IL,Chicago,0.32675402343827836,0.25262744131013465,0.3147798573683168,0.6666666666666666
61,Tempbam,Software,0.9333333333333333,0.3308457711442786,WA,Seattle,0.3577027399261472,0.61473326382325,0.15609907356421104,0.8484848484848485
62,Goodhouse,IT Services,0.6666666666666666,0.15422885572139303,VA,Herndon,0.6507102064078832,0.5716558419370533,0.4962896048209275,0.8181818181818182
63,Sumzoomit,Construction,0.7333333333333333,0.07711442786069651,MO,Lee's Summit,0.830759113169931,0.7796576667555036,0.580878894063346,0.6666666666666666
64,Goodtex,Government Services,0.8,0.3706467661691542,VA,Tysons Corner,0.5648888718892955,1,0.1759894007608498,0
65,Ranquote,Health,0.9333333333333333,0.9925373134328358,GA,Alpharetta,0.26592355970416837,0.42240512174973366,0.15878629472746844,0.2727272727272727
66,Zathtone,Software,0.6666666666666666,0.29850746268656714,NY,New York,0.35635941603860233,0.40844532189546173,0.26413754200104667,0.7272727272727273
67,Vivacode,Construction,0.6666666666666666,0.06716417910447761,LA,Lake Charles,0.37923291960573,0.4132894058481427,0.28633831985403274,0.24242424242424243
68,Dongcom,Retail,0.2,0.017412935323383085,NY,Cheektowaga,0.6328805756427223,0.2759026615034302,0.6339597262745188,0.3939393939393939
70,Jobzencane,Software,0.8,0.09701492537313433,PA,WAYNE,0.2826974856833775,0.2358334728540379,0.2759806822837292,0.7272727272727273
72,Vilacan,Retail,0,0.06716417910447761,UT,Orem,0.5547748425554514,0.6029373202851596,0.37578843118811806,0.45454545454545453
73,Stattechno,Health,1,0.19651741293532338,WA,Seattle,0.23950675902385532,0.4097993281963155,0.13686789143197084,0.3939393939393939
74,Conin,Construction,0.6666666666666666,0.05472636815920398,CA,Rancho Dominguez,0.4039069337681046,0.6099745777783407,0.20866384566820728,0.3333333333333333
75,Rezumfind,IT Services,0.06666666666666667,0.12189054726368159,VA,Herndon,0.6101977167298794,0.30959121676389534,0.5915131047169346,0.7878787878787878
77,Stiming,IT Services,1,0.05721393034825871,NY,Williamsville,0.39767829055026316,0.053473697801933444,0.49729716365384,0.7575757575757576
79,Tonjob,Financial Services,0.7333333333333333,0.21393034825870647,CA,Santa Barbara,0.3324037737628699,0.2342881384655569,0.3306326296163198,0.5757575757575758
80,Flextone,Financial Services,0.7333333333333333,0.6194029850746269,FL,Boca Raton,0.42551766682183245,0.2475277765377829,0.4244472930104489,0.6666666666666666
81,Lineity,Government Services,0.4666666666666667,0.27860696517412936,MA,Billerica,0.33974199089691803,0.23372110044397718,0.33888086201014683,0.21212121212121213
83,Xn-Media,Health,0.8666666666666667,0.2562189054726368,NJ,Lyndhurst,0.3017653554806884,0.6031736967906425,0.10165467803770069,0.24242424242424243
84,Drilldrill,Software,0.7333333333333333,0.07213930348258707,SF,San Francisco,0.29862837979979706,0.27729599578812614,0.27122634706435644,0.6060606060606061
85,Tristone,Construction,0.9333333333333333,0.1044776119402985,MD,Millersville,0.4966505015886888,0.3478291514747432,0.44824602458046664,0.3333333333333333
87,Tontam,Construction,0.5333333333333333,0.06218905472636816,VA,Ashburn,0.29038339901595717,0.7199776045008375,0.027331016069107594,0.3333333333333333
88,Ganjatam,IT Services,0.6666666666666666,0.17164179104477612,NJ,Iselin,0.7188958590559265,0.5208585921991463,0.5970965085535418,0.6363636363636364
89,Sumice,Retail,0.9333333333333333,0.7885572139303483,UT,Sandy,0.3435199892021431,0.5703326851196291,0.16430609922537848,0.6666666666666666
90,Vivadom,Software,0.7333333333333333,0.17661691542288557,CA,Santa Barbara,0.16797030629406717,0.366240061895096,0.08251453025300717,0.6060606060606061
91,Hatvollex,IT Services,0.2,0.18407960199004975,TX,FRISCO,0.5294226080328887,0.5952298526569424,0.3524230209436472,0.7272727272727273
92,Rankfind,Government Services,0.9333333333333333,0.24875621890547264,VA,Fairfax,0.4693549231729078,0.2825489886221589,0.45333435121192256,0.30303030303030304
93,Fixcan,Retail,0.6666666666666666,0.004975124378109453,GA,Atlanta,0.6182105495982995,0.46263366534664246,0.5189592719160718,0.5454545454545454
94,Technodexon,Software,0.4666666666666667,0.8109452736318408,UT,Provo,0.4865576994957629,0.35420191926690187,0.4339330286493062,0.6666666666666666
95,Tamtex,Government Services,0.6666666666666666,0.24129353233830847,VA,Fredericksburg,0.4690679048422841,0.38499797792872686,0.3986457515750189,0.3939393939393939
96,Itquadlab,Government Services,0.8666666666666667,0.2960199004975124,VA,Arlington,0.31854904398815,0.8048581194461353,0.012781515180234996,0.15151515151515152
98,Kinlax,Financial Services,0.2,0.2462686567164179,AZ,Tucson,0.4778710018566827,0.6273712348179936,0.27953286529714283,0.6363636363636364
99,Inchkix,Health,0.8,0.06965174129353234,MA,Northampton,0.344871573690517,0.7514015829462422,0.0696623129946299,0.30303030303030304
100,Labam,Construction,0.7333333333333333,0.3706467661691542,FL,Winter Garden,0.3148239635924782,0.5212423720310819,0.15928451665695417,0.45454545454545453
101,Black-Tax,Construction,0.8666666666666667,0.05223880597014925,MD,Columbia,0.16674433300254216,0.3781332528114146,0.07487415138529445,0.2727272727272727
102,Med-City,Retail,0.6666666666666666,0.03731343283582089,IL,Cicero,0.5333274190769014,0.5685522000329538,0.37081185070930883,0.48484848484848486
104,Vaiatrax,Financial Services,0.7333333333333333,0.05721393034825871,PA,Philadelphia,0.5414118938834206,0.03817807445492181,0.6610786903285847,0.7272727272727273
105,Ganzhex,Retail,0.8,0.04228855721393035,NY,Hopewell Junction,0.27392783158627465,0.24188426193172724,0.2632715499825739,0.42424242424242425
106,Dongstreet,Health,0.4666666666666667,0.5845771144278606,IN,Princeton,0.2606635094817179,0.6979046969564329,0.0068603245745892825,0.21212121212121213
107,Basetrax,Construction,0.8,0.06716417910447761,NY,Buffalo,0.3782503086210534,0.09902919127261985,0.4520768410137984,0.3939393939393939
109,Zenware,Health,0.8666666666666667,0.08955223880597014,CO,Centennial,0.3882566998228827,0.36996529024511754,0.31910656429757595,0.21212121212121213
111,Vivaity,Construction,0.6666666666666666,0.05472636815920398,WA,Lakewood,0.28503733841638973,0.3142877952395161,0.23687283623988997,0.5454545454545454
112,O-Touch,Health,0.4,0.9751243781094527,TX,Frisco,0.38479430653357455,0.5719043743648148,0.2081718047486205,0.21212121212121213
113,Flexlane,IT Services,0.3333333333333333,0.2960199004975124,MI,Novi,0.5455829966596133,0.4694533420460991,0.4366841744675711,0.7878787878787878
114,Zotcare,IT Services,0.4,0.18407960199004975,GA,Atlanta,0.6715518524923034,0.12158802925634256,0.7577475163726277,0.7272727272727273
116,Requote,Government Services,1,0.14925373134328357,MD,Bethesda,0.20821710501086044,0.6003028561207674,0.001866068576244492,0.3939393939393939
117,Freshholdings,Government Services,0.7333333333333333,0.15920398009950248,FL,Orlando,0.4334135496082122,0.13501225347610857,0.4927193667522827,0.36363636363636365
118,Icezunzim,Software,0.8666666666666667,0.03233830845771144,VA,Richmond,0.1659469597334259,0.42935320176267,0.04682413205066173,0.696969696969697
119,Hottam,Software,0.8,0.05970149253731343,IN,Indianapolis,0.37980530414681163,0.18425936774698765,0.40852251741906187,0.696969696969697
120,Lattechi,Retail,0.8666666666666667,0.07213930348258707,IL,Hickory Hills,0.523162924981629,0.14118235446322053,0.586642631574724,0.42424242424242425
121,It-Ity,Health,0.7333333333333333,0.07462686567164178,CA,Fresno,0.3290043112326048,0.3812006312498934,0.2489729764078443,0.3333333333333333
122,Islotfind,IT Services,0.9333333333333333,0.07213930348258707,DC,Washington,0.48374769341495943,0.16023967392708918,0.5338408665385499,0.8181818181818182
123,Yearla,Software,0.3333333333333333,0.07462686567164178,RI,Providence,0.4006504046643057,0.5368973612148649,0.2439248805601166,0.48484848484848486
124,Dancane,Software,0.7333333333333333,0.1517412935323383,CT,New Haven,0.2863828651308224,0.3516013691041606,0.21852477945180732,0.696969696969697
125,Citytrax,Financial Services,0.7333333333333333,0.04975124378109453,UT,Sandy,0.45334783127187117,0.09381889739247296,0.5361726796326182,0.5757575757575758
126,Sail-Lam,Government Services,0.9333333333333333,0.2960199004975124,MD,Rockville,0.33565940171021474,0.6590534499988611,0.1087020052714255,0.24242424242424243
127,Zotjoit,IT Services,0.8666666666666667,0.12189054726368159,MN,Bloomington,0.6029372994363666,0.558751870760686,0.45140088794002553,0.7575757575757576
128,Lanelex,Retail,0.8,0.024875621890547265,KS,Wichita,0.46411524909916896,0.33510159439732523,0.41976599130277686,0.3939393939393939
129,Hayfan,Health,0.8666666666666667,0.23880597014925373,CA,San Diego,0.3926243548345592,0.6057423759638804,0.1986912199513457,0.21212121212121213
130,Lacorporation,Software,0.8,0.1791044776119403,CA,San Diego,0.166055298764905,0.49297137423314263,0.013174280405743177,0.6666666666666666
131,Ganjafan,Government Services,0.7333333333333333,0.5323383084577115,NE,Omaha,0.3453065318723518,0.6356879286686394,0.13155173494441538,0.21212121212121213
132,Nimlux,Financial Services,0.9333333333333333,0.7064676616915423,NY,New York,0.29625498402099415,0.10684820736409857,0.3591260550821239,0.6363636363636364
133,Gogofan,Construction,0.8,0.18407960199004975,FL,Winter Garden,0.2999206882191917,0.5656504077290418,0.11957347995411739,0.36363636363636365
134,Sub-Fan,Software,1,0.05721393034825871,MA,Boston,0.21740399454620113,0.4949726067823713,0.06772250605467874,0.6060606060606061
135,Mediagreen,Health,0.9333333333333333,0.19651741293532338,TX,Dallas,0.2826267449017324,0.2744988057061738,0.25538132818841974,0.3333333333333333
137,Toughcare,Retail,0.6666666666666666,0.10945273631840796,CA,Burbank,0.5303762318182924,0.5847975175767997,0.3589930549305265,0.5151515151515151
138,Mathstrip,Government Services,0.8,0.11691542288557213,VA,Reston,0.4205835849145208,0.5840425224376363,0.24048878125015588,0.24242424242424243
139,Vilait,Software,0.8,0.5945273631840796,DE,Wilmington,0.14299029945128583,0.32478591531081313,0.07746426562987635,0.5151515151515151
140,Konkin,Health,0.06666666666666667,0.07711442786069651,TX,Austin,0.32851958918880597,0.2739909128862685,0.30535267866534427,0.21212121212121213
141,Unoline,IT Services,0.8,0.34577114427860695,MN,Minneapolis,0.7134559279923927,0.5672812421759019,0.5665649221832542,0.5757575757575758
142,Truesaokix,Health,0.7333333333333333,0.39552238805970147,CA,San Clemente,0.534253457461961,0.5755806725739001,0.3680841818847829,0.30303030303030304
143,Lamlax,IT Services,0.7333333333333333,0.07213930348258707,PA,Horsham,0.6598757185095633,0.3260621849994489,0.6365717451506724,0.6060606060606061
144,Saotaxon,Software,0.06666666666666667,0.1865671641791045,IL,Chicago,0.280603047891359,0.5426031876914239,0.11088552834730422,0.6666666666666666
145,Sanzatrax,Construction,0.8666666666666667,0.11940298507462686,CA,San Diego,0.21949557867611505,0.45132630816366204,0.09315421706448876,0.5757575757575758
146,Geoelectronics,Software,0.7333333333333333,0.18407960199004975,CA,San Diego,0.3929275439171088,0.7786270692776226,0.10725602849076872,0.6363636363636364
148,Trans-Dexon,Financial Services,0.26666666666666666,0.1890547263681592,MA,Boston,0.48119591872249656,0.14577974469907298,0.5387523295358799,0.5757575757575758
149,Zimholding,IT Services,0.2,0.014925373134328358,OR,Portland,0.6042749159997024,0.03410052866003838,0.731323373738342,0.7272727272727273
150,Scot-Lex,IT Services,0.9333333333333333,0.08208955223880597,MA,Chelmsford,0.5577296845041242,0.41128613028676636,0.4807129176817439,0.8181818181818182
151,Lexitrans,Health,0.8666666666666667,0.8308457711442786,WA,Seattle,0.3662967686431998,0.8767177007696129,0.02635056692873426,0.2727272727272727
152,Phystouch,IT Services,0.8,0.02736318407960199,NC,Waxhaw,0.6355309769026591,0.07929451113119847,0.7411855545677989,0.696969696969697
153,K-Job,IT Services,0.9333333333333333,0.12686567164179105,VA,Reston,0.5093162054865008,0.35202335326325734,0.4597367388601394,0.6363636363636364
154,Vilamedia,Software,0.8,0.31094527363184077,VA,Blacksburg,0.28888117120700996,0.34562658007836383,0.22440172703922903,0.8181818181818182
155,Bignamjob,Health,0.9333333333333333,0.32338308457711445,IL,Elk Grove Village,0.32495546534868197,0.7798030270698088,0.033018358466910015,0.30303030303030304
156,Kayplus,Government Services,0.7333333333333333,0.3805970149253731,FL,Clearwater,0.45158762239582056,0.5659328541584542,0.2836782626026996,0.15151515151515152
157,Hottom,Software,0.8,0.09701492537313433,MD,Baltimore,0.377788165552854,0.2065811141709758,0.3944900525862972,0.6666666666666666
158,Voltech,Software,0.6666666666666666,0.05472636815920398,NJ,Hamilton,0.41934784909474326,0.5253127672834487,0.27032299788956465,0.48484848484848486
159,Lamdombase,Construction,0.8666666666666667,0.014925373134328358,TX,Houston,0.4802533090715315,0.5642762777585337,0.3156023654399567,0.45454545454545453
160,Zathtechi,Software,0.26666666666666666,0.21393034825870647,CA,San Jose,0.2178825086233163,0.2262506222248872,0.21087268919691765,0.7878787878787878
161,Sunsaolax,Health,0.9333333333333333,0.03482587064676617,WA,Redmond,0.26611079998962667,0.5888220472064516,0.07065848575667598,0.30303030303030304
162,Zamfax,Government Services,0.8666666666666667,0.3208955223880597,FL,Fort Walton Beach,0.4030541393770626,0.12763207639394464,0.46375748579940085,0.18181818181818182
163,Zer-Plus,Software,0.6,0.06467661691542288,MA,Franklin,0.20090647327715658,0.52801087127624,0.03231974169017438,0.8787878787878788
164,Hexzoomity,Health,0.9333333333333333,0.024875621890547265,TX,Austin,0.42474102015116,0.5917248610164374,0.24091364435163048,0.45454545454545453
165,Vilahouse,Software,0.8,0.02736318407960199,CA,San Diego,0.29170114007305575,0.7633385964731277,0.005743025706277976,0.7878787878787878
166,Lamcare,Construction,0,0.26616915422885573,NY,Staten Island,0.28596693136301815,0.5272701772221102,0.12483303140365096,0.5151515151515151
167,Keytouch,Construction,0.9333333333333333,0.9925373134328358,CA,Vista,0.33851176214435985,0.5698383783305057,0.15914457642406674,0.36363636363636365
168,Kincon,Software,0.6666666666666666,0.3208955223880597,MI,Ann Arbor,0.5208466525091651,0.29649601965050804,0.5016969040947997,0.6060606060606061
169,Tancode,IT Services,1,0.014925373134328358,NY,Farmingdale,0.6843954847255483,0.5243242558558091,0.5578932363919645,0.8787878787878788
170,Dripcane,IT Services,0.7333333333333333,0.13681592039800994,VA,Reston,0.7807664575950317,0.2126587688584067,0.8276880832514801,0.696969696969697
171,Zimtechno,Software,0.4666666666666667,0.8084577114427861,MN,Minneapolis,0.5723792342713404,0.6846318599368076,0.35149218254062065,0.8181818181818182
172,Fax-Street,Software,0.8,0.1318407960199005,CA,Aliso Viejo,0.13021205112520898,0.4192376357160201,0.013492493976768511,0.5454545454545454
173,Scotstrip,Software,0.9333333333333333,0.1890547263681592,IL,Chicago,0.36472680390745443,0.005558627451320894,0.48704313932842136,0.696969696969697
174,Bigfan,Software,0.4,0.236318407960199,WI,La Crosse,0.37800719663544224,0.30871731831773885,0.34051552225087656,0.7272727272727273
175,Kayis,IT Services,0.2,0.06218905472636816,CA,Newport Beach,0.6222501836606917,0.11867459178318901,0.7059003920495296,0.7878787878787878
176,Drilllane,IT Services,0.8,0.4577114427860697,VA,Ashburn,0.6710832511361831,0.13243407429638407,0.7514831712788206,0.5757575757575758
177,Randrill,Health,0.7333333333333333,0.2064676616915423,GA,Smyrna,0.3205870093090463,0.7897279800830832,0.023019382128900298,0.2727272727272727
178,Techhigh,IT Services,0.8,0.06716417910447761,OH,West Chester,0.6431230197712725,0.6055938489807463,0.4700591338301419,0.7878787878787878
179,Saltstreet,IT Services,0.8666666666666667,0.19651741293532338,CA,Newark,0.6199744632286613,0.6296674783213427,0.4322115631730659,0.7575757575757576
180,Greenfan,Government Services,0.9333333333333333,0.0845771144278607,TX,San Antonio,0.42016805166069615,0.6823673852723544,0.18784999968552757,0.36363636363636365
181,Joblab,Government Services,0.8666666666666667,0.6194029850746269,VA,Herndon,0.4195922126865406,0.34372055189521555,0.3669729555876004,0.3939393939393939
182,Zenzootrax,Financial Services,0.7333333333333333,0.7164179104477612,IL,Chicago,0.40060549703434417,0.24463262402335081,0.39900419592977243,0.6060606060606061
183,Ittech,IT Services,0.9333333333333333,0.10945273631840796,MN,Minneapolis,0.4654984741919305,0.6612483600996867,0.24815220335652693,0.696969696969697
184,Volzoom,Retail,0.4666666666666667,0.06467661691542288,ME,Kittery,0.5198085703383152,0.5118457419591894,0.3862695805176303,0.3939393939393939
185,Saofintone,Financial Services,0.6666666666666666,0.19154228855721392,CA,San Diego,0.48679770749803225,0.07869274190310872,0.5804274092437979,0.6060606060606061
186,Indigoit,Retail,0.8,0.03482587064676617,MI,Jackson,0.6060950017157017,0.5391678627651536,0.46521544506415996,0.5151515151515151
187,K-Tone,Software,0.9333333333333333,0.06218905472636816,SC,North Charleston,0.33834324588744735,0.49168815830320484,0.20044256030876423,0.6363636363636364
188,Triotexon,Software,0.8,0.236318407960199,FL,Tampa,0.3756861680594707,0.1253427791318976,0.4353331900495717,0.6363636363636364
189,Rehoting,IT Services,1,0.07213930348258707,NC,Chapel Hill,0.563468499124927,0.5500236121128964,0.4132891062194623,0.696969696969697
190,Kanlux,Software,0.06666666666666667,0.1890547263681592,VA,Chesapeake,0.4021426696880106,0.48864437665503135,0.27115266292003487,0.7272727272727273
191,Silit,Construction,0.5333333333333333,0.06218905472636816,VA,Chesapeake,0.44340371999386813,0.7872494998961639,0.15734492659454333,0.3333333333333333
192,Fixlatcare,IT Services,1,0.09701492537313433,TX,Dallas,0.6265090490626621,0.05752519519193435,0.7429695349950346,0.7878787878787878
193,Zummalux,Government Services,0.8,0.029850746268656716,MD,Woodbine,0.4452366221572144,0.41291931419759625,0.35801650958587883,0.24242424242424243
194,Medbase,Software,0.9333333333333333,0.03980099502487562,GA,Roswell,0.34341330229082984,0.449683726396953,0.22822847701867988,0.696969696969697
195,Xx-Bam,Software,0.6666666666666666,0.34577114427860695,FL,Orlando,0.6204809632201004,0.23046402832758922,0.6446488611651919,0.696969696969697
196,Jayphase,Software,1,0.1517412935323383,CA,San Diego,0.20307745930352422,0.4972331997237439,0.05100704917069282,0.5757575757575758
197,J-Unafase,Software,1,0.05721393034825871,TX,Montgomery,0,0,0.09499583269806287,0.6666666666666666
199,Icephase,IT Services,0.7333333333333333,0.06965174129353234,VA,Glen Allen,0.5638477858635987,0.6163753348369222,0.3784817791418893,0.696969696969697
200,Lalane,Retail,0.26666666666666666,0.10945273631840796,MN,Golden Valley,0.5319731311191652,0.496771887580805,0.40744463604370257,0.5151515151515151
201,Linetax,IT Services,0.9333333333333333,0.4228855721393035,IL,Westchester,0.6636373458058726,0.2897480526774338,0.659920347385769,0.9393939393939394
202,Hotlax,IT Services,0.7333333333333333,0.4577114427860697,NJ,Warren,0.48251476119303904,0.2582236601849723,0.4804977751617527,0.8181818181818182
203,E-Tex,IT Services,0.26666666666666666,0.208955223880597,OH,Columbus,0.7239012825158526,0.3987451002184286,0.6673326253004567,0.7272727272727273
204,Hexdom,IT Services,0.8666666666666667,0.022388059701492536,CA,Encino,0.44500587604072306,0.4142140731461682,0.3570793817341832,0.7272727272727273
205,Acclaimedcirl,Health,1,0.2512437810945274,CA,Pasadena,0.13258905152982822,0.41942753369514396,0.01596598232404671,0.42424242424242425
206,Frayedintrigue,IT Services,1,0.5223880597014925,TX,Addison,0.5512554761525466,0.13932157899914266,0.6180544154423748,0.6666666666666666
207,Nakedshrapnel,IT Services,1,0.03482587064676617,FL,Orlando,0.7550244729060803,0.3890116795939963,0.7062052134324406,0.696969696969697
208,Countslovenly,Construction,0.7333333333333333,0.10945273631840796,FL,Spring Hill,0.32765297706546814,0.8317803206241974,0.008351303444861163,0.3939393939393939
209,Judgemicrosoft,IT Services,0.8666666666666667,0.17164179104477612,TX,Houston,0.713784850098131,0.3731955989023713,0.6699377040953203,0.6363636363636364
210,Reinforceputtock,Health,0.2,0.21641791044776118,NJ,Moorestown,0.2029980574070705,0.4282452762750005,0.08753839003560479,0.2727272727272727
211,Pursuitsskewer,IT Services,0.13333333333333333,0.03731343283582089,VA,Ashburn,0.5955672414409412,0.08339973974068252,0.6957260160007912,0.7878787878787878
212,Geigerbeneficial,Financial Services,0.9333333333333333,0.07960199004975124,TX,Dallas,0.5324128454045076,0.14593348136318351,0.5941384615618176,0.6060606060606061
213,Relishtreasure,Government Services,0.7333333333333333,0.05970149253731343,VA,Sterling,0.4066885033563572,0.13907999281268327,0.46161717557342963,0.21212121212121213
214,Forearmblade,IT Services,0.7333333333333333,0.05721393034825871,MD,Annapolis,0.6975502161924397,0.3277080355855942,0.6764994967356677,0.9696969696969697
215,Nervousdispatcher,Financial Services,0.8,0.19651741293532338,NY,New York,0.25631502907681425,0.03452874400618542,0.3542568832051551,0.5757575757575758
216,Deliciousgeometry,IT Services,0.7333333333333333,0.07213930348258707,CA,Walnut,0.7523922449679674,0.2645740569941142,0.7694033828992494,0.6363636363636364
217,Dowdyweanling,Health,1,0.07711442786069651,TX,Plano,0.4534523654205442,0.4395931872491117,0.35275619906495415,0.3333333333333333
218,Abstractedchocolat,IT Services,0.6666666666666666,0.0024875621890547263,VA,Stafford,0.5128503909066505,0.49941912057112,0.3853296874772956,0.8181818181818182
219,Wiggakintail,IT Services,0.7333333333333333,0.13432835820895522,NY,Scarsdale,0.5946593763777055,0.38055769532702854,0.5370176345296804,0.6363636363636364
220,Machinewarn,IT Services,0.6666666666666666,0.31592039800995025,NC,Greensboro,0.7365779504838559,0.6149809790461523,0.5662879695642735,0.7272727272727273
221,Coatforked,Government Services,0.8666666666666667,0.14427860696517414,CA,Coronado,0.4401125464308347,0.11979579684981828,0.5080509280515266,0.2727272727272727
222,Loveboyle,IT Services,0.8666666666666667,0.04477611940298507,MA,Framingham,0.6366756458563274,0.3823413470825327,0.5815743661157471,0.6666666666666666
223,Admonishbadelynge,Government Services,0.7333333333333333,0.1791044776119403,AL,Huntsville,0.3851331413603077,0.4133763360150251,0.2926820963469798,0.18181818181818182
224,Siftercockamamie,Retail,1,0.04477611940298507,AZ,Scottsdale,0.6436095441279794,0.24793780907581586,0.6604223104528251,0.42424242424242425
226,Discreetcorrosive,Government Services,0.8,0.48756218905472637,VA,Sterling,0.2739405979693741,0.5697132438364622,0.08928067575571522,0.42424242424242425
227,Handlersthroated,Retail,0.8,0.4129353233830846,MA,Boston,0.5885965459474143,0.40009553124802405,0.52008134209027,0.45454545454545453
228,Boundextrasmall,Health,0.7333333333333333,0.27114427860696516,PA,Willow Grove,0.3505811007265624,0.6588651864294552,0.12496207354013764,0.21212121212121213
229,Efferentfinished,Health,1,0.07213930348258707,MD,Rockville,0.1809398501096457,0.21133030020939853,0.17878332567394153,0.3333333333333333
230,Trogleguarantee,IT Services,0.6,0.12935323383084577,GA,Canton,0.5530601921445791,0.3777749084807171,0.4934429244461544,0.7272727272727273
231,Chloridesfixation,Financial Services,0.6666666666666666,0.03233830845771144,OH,Independence,0.5551688982471206,0.19871163567945016,0.5907696485087391,0.5757575757575758
232,Raisinscotta,IT Services,0.26666666666666666,0.11691542288557213,SC,Irmo,0.6787587511052934,0.6723120880840602,0.4732398598363832,0.7575757575757576
233,Sandhillrisk,IT Services,0.6666666666666666,0.12437810945273632,VA,Sterling,0.5421129936046929,0.24270882163451798,0.5532773774820822,0.6666666666666666
234,Vertextractor,IT Services,0.8666666666666667,0.09950248756218906,MD,Hanover,0.463454350968598,0.8627070299128645,0.13900841853548235,0.8787878787878788
235,Parkourwoodchat,IT Services,0.9333333333333333,0.27114427860696516,OH,Cincinnati,0.5516072776193689,0.6402935931036899,0.35253005000979204,0.7878787878787878
237,Coiledsheriff,Software,0.6666666666666666,0.16417910447761194,MA,Boston,0.026646545511855364,0.05805157727177588,0.09304138652414053,0.6666666666666666
238,Stylishhypothesis,IT Services,0.8,0.1791044776119403,WA,Bellevue,0.6943825511278624,0.31663817856477783,0.6789445741251648,0.6060606060606061
239,Glaciertolerant,Retail,0.9333333333333333,0,GA,Atlanta,0.417492067570313,0.472426435473964,0.29638414174075023,0.3333333333333333
241,Sounderfibber,IT Services,0.8,0.9228855721393034,MN,Minnetonka,0.645429429586989,0.6468728072733684,0.4506469673905099,0.7272727272727273
242,Lowdirect,Government Services,0.8,0.13681592039800994,MD,Annapolis,0.26416765635339834,0.47193263943787744,0.1305964978181035,0.15151515151515152
243,Improvelonely,Software,0.7333333333333333,0.3706467661691542,DC,Washington,0.15727658303901396,0.039974188584526615,0.24410830473983697,0.6666666666666666
244,Crashingsubmitted,Government Services,0.6666666666666666,0.12686567164179105,VA,Falls Church,0.35758188483280595,0.3833628531563567,0.2787747156355911,0.24242424242424243
245,Peskyevaluate,IT Services,0.7333333333333333,0.10945273631840796,VA,Richmond,0.5595127226770114,0.43038001966807793,0.4725093078418364,0.7878787878787878
246,Circinuscategory,IT Services,0.9333333333333333,0.07711442786069651,NJ,Cranbury,0.6550675481845852,0.531492879030084,0.5223262415100576,0.9393939393939394
247,Chestnutanorexia,Government Services,0.9333333333333333,0.07213930348258707,VA,Stafford,0.32530861855018545,0.608197463661709,0.12448543092591312,0.24242424242424243
248,Waterka,Government Services,0.4,0.2835820895522388,MD,Columbia,0.2155119164423705,0.6073663663200458,0.0060171589172345425,0.21212121212121213
249,Muttletpocket,IT Services,0.8666666666666667,0.08706467661691543,UT,South Jordan,0.679902118388528,0.764995683626085,0.42528362702528383,0.6060606060606061
250,Pluggedword,Retail,0.6666666666666666,0.01990049751243781,FL,Pembroke Pines,0.5279254367129337,0.31013956122432407,0.502121496099349,0.45454545454545453
251,Clocksgarrulous,Government Services,1,0.06965174129353234,VA,Falls Church,0.42265659520863125,0.4644836128463378,0.3061931875728302,0.21212121212121213
252,Estermourn,Construction,0.7333333333333333,0.0472636815920398,ID,Worley,0.29560039398560173,0.5345045853875395,0.13142616284857372,0.45454545454545453
253,Splashnuts,Construction,0.8666666666666667,0.6741293532338308,FL,Apopka,0.4590305739355315,0.317852851437162,0.42341457638286,0.3333333333333333
254,Aldabaranbox,Software,0.7333333333333333,0.03482587064676617,IN,Anderson,0.22620829310253848,0.5270516770729193,0.06023063408269584,0.8787878787878788
255,Elderlyhair,IT Services,0.9333333333333333,0.04975124378109453,FL,Jacksonville,0.5850782308937059,0.6624137963793126,0.37703802535602077,0.696969696969697
256,Colouredrecipe,IT Services,0.7333333333333333,0.08208955223880597,KY,Louisville,0.6032241175100006,0.5712136319576949,0.4450970711338813,0.7575757575757576
257,Easterntwisted,IT Services,0.8,0.07213930348258707,VA,Reston,0.5605370872440603,0.46979462722536375,0.45269824938618236,0.7575757575757576
258,Bindauthorized,Health,0.8,0.07462686567164178,FL,Tampa,0.38093560466146204,0.3207431007224397,0.33730394541452563,0.2727272727272727
259,Pointchough,Software,1,0.08706467661691543,MD,Baltimore,0.16141479360463282,0.5021009826173376,0.003302828061437937,0.6060606060606061
260,Sootycrushing,Software,0.8,0.09950248756218906,VA,Reston,0.4764386637371739,0.6255612282057849,0.2789423619742536,0.696969696969697
261,Cometscasting,Health,1,0.3308457711442786,UT,Salt Lake City,0.16051859351105274,0.3291900365974981,0.09410972528772601,0.45454545454545453
262,Proteincosines,Health,0.8,0.04477611940298507,NJ,Rutherford,0.32384564111123804,0.6843134564935967,0.08250027055473154,0.36363636363636365
263,Gleanworn,IT Services,0.8666666666666667,0.01990049751243781,MI,Sterling Heights,0.7021759523997145,0.9168302012765353,0.36881554717010595,0.8181818181818182
264,Chadhelpful,IT Services,0.8,0.1517412935323383,MA,Boston,0.43187582624782384,0.37462325579114775,0.36387355865897675,0.7878787878787878
265,Weedycavus,Government Services,0.8,0.3706467661691542,MD,Rockville,0.33802058181264016,0.6470475869625997,0.11763161267753325,0.21212121212121213
266,Reliablepaver,IT Services,0.8,0.22388059701492538,CA,North Hollywood,1,0.33534103542102955,1,0.7272727272727273
267,Circlechop,Software,0.7333333333333333,0.03233830845771144,SF,San Francisco,0.36203224598126776,0.5984604677660184,0.16942516824817383,0.696969696969697
268,Itemswazzed,IT Services,0.3333333333333333,0.029850746268656716,MN,Edina,0.6036732438738633,0.13753935735214184,0.6757686194248104,0.7575757575757576
270,Pumpkinmothers,Health,0.8,0.24875621890547264,GA,Atlanta,0.40058732371252026,0.656775389303626,0.1802278385312012,0.3333333333333333
271,Matcapillary,Software,0.8,0.15671641791044777,CA,Redwood City,0.3615228422634767,0.5334248534675075,0.2033930165865774,0.6060606060606061
272,Presslute,Construction,0.8,0.08955223880597014,CA,El Cajon,0.43969085527457386,0.4697488637532564,0.32184654092251463,0.5454545454545454
273,Wealthabounding,Retail,0.8666666666666667,0.06716417910447761,SC,Hilton Head Island,0.2817639877254481,0.2165512177527132,0.28520432141511726,0.45454545454545453
274,Cleavagesling,Software,0.8666666666666667,0.04477611940298507,OH,Boardman,0.5039686930237574,0.12219286300265376,0.5759345741186584,0.6363636363636364
275,Laboredshocked,IT Services,0.6,0.05472636815920398,OR,Medford,0.7597120885232018,0.18442137861029614,0.8198740939127462,0.696969696969697
276,Appaloosasmiling,IT Services,0.7333333333333333,0.18407960199004975,NC,Charlotte,0.6963421659015014,0.47799578873906007,0.5954216175290838,0.7575757575757576
277,Clasticmach,Retail,1,0.06716417910447761,CT,Norwalk,0.5339928730539902,0.0916596378536237,0.6246570352796864,0.45454545454545453
278,Expandcostgullible,IT Services,0.8666666666666667,0.05970149253731343,VA,Chantilly,0.6172504174607274,0.7320280052019176,0.37493062629679214,0.8484848484848485
279,Hypergalaxypegasus,Construction,0.6666666666666666,0.2537313432835821,UT,Centerville,0.36507059509468504,0.1975568230629921,0.38550687642773196,0.42424242424242425
280,Rageenvious,IT Services,0.6666666666666666,0.05970149253731343,MD,Savage,0.5339861143805846,0.3329711413297578,0.49656666587867826,0.8484848484848485
281,Rinkmusic,Health,0.9333333333333333,0.08955223880597014,NY,Westbury,0.48551210768779574,0.945935258783752,0.11872109700129932,0.24242424242424243
282,Scoreboardchaos,Retail,0.9333333333333333,0.1044776119402985,TX,Austin,0.43856756375456624,0.7144540147078488,0.19074569438441152,0.42424242424242425
284,Pausehydrocarbon,Financial Services,0.8666666666666667,0.5920398009950248,FL,Maitland,0.3466294295469376,0.07093389251937822,0.43274394331515104,0.6666666666666666
285,Neodymiumscandalous,IT Services,0.8,0.24378109452736318,NJ,Edison,0.5600539171919324,0.42668594725330805,0.4750561550171257,0.696969696969697
286,Februaryvanadium,IT Services,0.7333333333333333,0.2860696517412935,MA,Rockland,0.5476995127847567,0.5577203539273384,0.39212608739687743,0.8484848484848485
287,Avogadroethanoate,Health,0.7333333333333333,0.35323383084577115,RI,Coventry,0.45514593878324056,0.6251440451252351,0.256103855713975,0.3939393939393939
288,Assuredcarbon,Financial Services,0.7333333333333333,0.05472636815920398,FL,Summerfield,0.4788856038954791,0.43896036423637774,0.3806361864079809,0.48484848484848486
289,Annoyhog,Health,0.6666666666666666,0.22139303482587064,FL,Medley,0.5453739283622673,0.7583281091810208,0.2831291286706253,0.36363636363636365
290,Dingalingflee,Retail,0.8,0.10696517412935323,IL,Tinley Park,0.5537691519527009,0.6247640448657725,0.3631141077321831,0.6060606060606061
291,Equalityshape,Health,0.4666666666666667,0.06467661691542288,CO,Denver,0.2247321988307595,0.4238469775729363,0.11341090464610248,0.2727272727272727
293,Mathassertive,IT Services,0.5333333333333333,0.2512437810945274,VA,Chantilly,0.4489992507384727,0.3553223071286721,0.39266269665099873,0.7878787878787878
294,Wightmuon,Retail,0.9333333333333333,0.029850746268656716,TX,San Antonio,0.3473160607006972,0.805613216735906,0.04353529259057402,0.45454545454545453
295,Optimismexterior,Construction,0.6666666666666666,0.06716417910447761,IL,Bellwood,0.3299886244016947,0.43367151653915376,0.2221885459597124,0.36363636363636365
296,Shovelerablaze,Construction,0,0.3706467661691542,IL,Downers Grove,0.20922584953270532,0.35748442688452803,0.13184142911888944,0.30303030303030304
297,Posseratty,Retail,1,0.029850746268656716,TN,Memphis,0.47688203271258006,0.1408514886459089,0.5366962220149355,0.42424242424242425
298,Freezehouses,IT Services,0.8,0.43283582089552236,SC,Mount Pleasant,0.5620538336847677,0.4817016084736789,0.448020905693621,0.6363636363636364
299,Damedash,Construction,0.8666666666666667,0.11691542288557213,CA,San Diego,0.16922306395797726,0.3887968568666711,0.07189859153218994,0.42424242424242425
300,Weepingwhisky,Financial Services,0.8666666666666667,0.06716417910447761,MO,St. Louis,0.49783076622229305,0.29413960943941075,0.4780215216258355,0.5757575757575758
301,Gianttempting,IT Services,0.13333333333333333,0.012437810945273632,GA,Woodstock,0.5445703971907149,0.655317393684457,0.33693481984091167,0.696969696969697
302,Frillyshaving,IT Services,0.7333333333333333,0.2462686567164179,VA,Reston,0.6020137141994322,0.24226109552236091,0.6183872682473713,0.7575757575757576
303,Clawasked,IT Services,0.8666666666666667,0.6691542288557214,NJ,Iselin,0.7033018472605895,0.530759846271508,0.5749528779324283,0.696969696969697
304,Crystringed,Retail,1,0.22139303482587064,MN,Burnsville,0.521136824887378,0.3655011044012917,0.46538471798437486,0.5757575757575758
305,Exactmunch,Software,0.6666666666666666,0.06218905472636816,TX,Austin,0.09450202444797408,0.19261824979848238,0.09510345817744356,0.5757575757575758
306,Fatcoffle,Construction,0.8,0.06716417910447761,OR,Portland,0.37239729745181993,0.48605414370363575,0.24031338153942713,0.45454545454545453
307,Decoratorsdecipher,Construction,0.8,0.009950248756218905,VA,Ashburn,0.35779120345138915,0.3829924550539881,0.27919800637489844,0.3333333333333333
308,Semipermeability,Financial Services,0.6666666666666666,0.31094527363184077,TN,Nashville,0.45523840744827837,0.04915987765217453,0.5619242307950059,0.6060606060606061
310,Lipped,IT Services,0.6666666666666666,0.3383084577114428,VA,Chantilly,0.5727016480249104,0.26678418753543987,0.573626075360174,0.6666666666666666
311,Sweater,Health,1,1,OH,Westlake,0.3650534230578101,0.504916355507404,0.22234833048753855,0.24242424242424243
313,Beetleheaded,IT Services,0.7333333333333333,0.3208955223880597,TX,Irving,0.5644303334469124,0.5005278632636486,0.4406020672333388,0.6666666666666666
314,Fraternal,Health,0.8666666666666667,0.15920398009950248,NE,Omaha,0.3492535971412113,0.6736186965030885,0.11569354075790458,0.3333333333333333
315,Falbala,Retail,0.8666666666666667,0.1791044776119403,CT,Norwalk,0.7031352835093275,0.6328044213234489,0.5206093846815489,0.48484848484848486
316,Pomiculturist,Retail,0.7333333333333333,0.009950248756218905,CO,Littleton,0.3106304320334285,0.7303650954643394,0.04374501317205741,0.45454545454545453
317,Nomarchy,Construction,0.7333333333333333,0.05721393034825871,NC,Charlotte,0.6141110887602059,0.14452022771004797,0.683367466243553,0.36363636363636365
318,Turboprop,Retail,0.7333333333333333,0.10199004975124377,MI,Rochester Hills,0.5422085662530726,0.35365878448744964,0.49449098515972056,0.36363636363636365
319,Parhelion,IT Services,0.8666666666666667,0.05472636815920398,VA,Sterling,0.5668255071733556,0.7539076437971546,0.30870739467830227,0.5454545454545454
320,Protractile,IT Services,0,0.04228855721393035,CO,Arvada,0.5788877866966678,0.3844608700351102,0.5178653416027293,0.696969696969697
321,Precincts,IT Services,0.8666666666666667,0.5074626865671642,IL,Schaumburg,0.5088765412654059,0.13515689873616205,0.5743687182775933,0.7575757575757576
322,Hookiest,IT Services,0.4,0.09701492537313433,CA,Bakersfield,0.39327549043687765,0.5243221106930541,0.24261255456367817,0.7878787878787878
323,Anarchical,Health,1,0.16417910447761194,GA,Roswell,0.34960074263302093,0.644967289843257,0.13127705953960803,0.30303030303030304
324,Amphithalamus,IT Services,0.6666666666666666,0.03731343283582089,FL,Boca Raton,0.6267512098275717,0.3934167202361477,0.5649476663651346,0.7575757575757576
325,Monotrichous,Software,0.8,0.02736318407960199,NY,New York,0.21866160844211377,0.3666136266662935,0.1372147328383176,0.7575757575757576
326,Overstridden,IT Services,0.8,0.13432835820895522,NJ,Trenton,0.6150891438983648,0.138051744798772,0.6878600302717671,0.9696969696969697
327,Cyaneous,Construction,0.8666666666666667,0.1417910447761194,IL,Oakbrook Terrace,0.3043408105621945,0.791404680152658,0.004534855148575212,0.24242424242424243
328,Implorer,Financial Services,0.6666666666666666,0.17164179104477612,IL,Lombard,0.4748973357509692,0.5682368611079643,0.3076996731872345,0.6060606060606061
329,Unexotically,IT Services,0.7333333333333333,0.36069651741293535,GA,Atlanta,0.5924645597695523,0.4952251230838206,0.47377760769759114,0.8484848484848485
330,Badgeless,Software,0.8,0.03980099502487562,CA,Corona,0.37356329377490133,0.40988268309193954,0.282006353644421,0.5757575757575758
331,Aspic,Retail,0.13333333333333333,0.3208955223880597,NY,New York,0.4336914061815528,0.4672775341088539,0.316660890494843,0.6060606060606061
332,Westminster,Financial Services,0.7333333333333333,0.19651741293532338,MI,Troy,0.5019408907450932,0.5285177425900716,0.35806980724141096,0.5454545454545454
333,Suicided,Health,1,0.06965174129353234,NC,Hendersonville,0.2658484633329952,0.6586924497523716,0.03328864210152602,0.18181818181818182
334,Tocantins,Financial Services,0.6666666666666666,0.7189054726368159,VA,Tysons Corner,0.6255222326811998,0.22727028958777837,0.6518037054395273,0.5454545454545454
335,Exilarch,Financial Services,0.8,0.11442786069651742,FL,Naples,0.3565669323442774,0.21351857052074438,0.3678252843210334,0.6666666666666666
336,Refertilization,Construction,0.9333333333333333,0.029850746268656716,TX,San Antonio,0.41195766527184335,0.45228407225847944,0.30108154660579056,0.30303030303030304
337,Asynchronous,Health,0.9333333333333333,0.05223880597014925,NY,New York,0.3446816799999439,0.2616625603825009,0.32939978923840635,0.12121212121212122
338,Swedenborgism,IT Services,0.4,0.15671641791044777,MD,Columbia,0.6780463869283452,0.600513797125012,0.5105773887380265,0.6363636363636364
339,Outspruing,IT Services,0.8666666666666667,0.19651741293532338,IL,Chicago,0.754678478891962,0.5513431936590624,0.6196683638780046,0.7272727272727273
340,Unforegone,Financial Services,0.6666666666666666,0.08955223880597014,TX,Austin,0.49546848470642374,0.3233365003426642,0.45996608685902113,0.6060606060606061
341,Getable,Software,0.9333333333333333,0.4154228855721393,TX,Austin,0.3107654052445503,0.5814431980821836,0.12293578668098637,0.696969696969697
342,Turbidimetry,Software,0.7333333333333333,0.48258706467661694,CA,Los Angeles,0.4121041532598784,0.810723607322033,0.11098805720448754,0.7272727272727273
343,Federalistic,Health,0.5333333333333333,0.5572139303482587,CA,San Bernardino,0.3140356519521502,0.6538032152312276,0.08807028220322423,0.2727272727272727
344,Williamsport,IT Services,0.9333333333333333,0.08208955223880597,GA,Norcross,0.6273400154418165,0.3078286080335119,0.6110137029736297,0.7575757575757576
345,Unrebuilt,Software,0.5333333333333333,0.0845771144278607,OR,Lake Oswego,0.1294844674170363,0.26506254119861683,0.0945374077972247,0.5757575757575758
346,Outbraving,Health,0.8,0.3333333333333333,TX,Austin,0.3645290501300319,0.5798204335333068,0.182022933932378,0.30303030303030304
347,Miscutting,Government Services,0.2,0.1791044776119403,CA,Oxnard,0.41450979041403835,0.6803652333676593,0.18278482473150018,0.24242424242424243
348,Unsurmountable,Software,1,0.26119402985074625,CA,Irvine,0.3193994352953145,0.4281833730069267,0.21363348606572646,0.5757575757575758
349,Knock,Health,0.6666666666666666,0.05970149253731343,CA,Hawthorne,0.31647983857684564,0.6671778964064131,0.08361832849443394,0.24242424242424243
350,Superepoch,Health,0.8,0.208955223880597,CO,Denver,0.4214505474875908,0.9725961587081299,0.035191634079008924,0.2727272727272727
351,Golliwogg,IT Services,0.6666666666666666,0.09950248756218906,TX,Houston,0.40593924182903923,0.32521484571121184,0.36200927932243987,0.696969696969697
352,Indicated,Health,0.8,0.5497512437810945,MD,Bethesda,0.3694181242788871,0.7838307233682896,0.07903342885343134,0.3939393939393939
353,Unemancipated,IT Services,0.8,0.5945273631840796,TX,San Antonio,0.6736966549172553,0.4437776847299245,0.5890588642513593,0.7272727272727273
354,Tantalous,Financial Services,0.8,0.12189054726368159,NY,Woodstock,0.4062828828235274,0.03784996670400952,0.5149086500956321,0.48484848484848486
355,Comatulid,Health,0.8666666666666667,0.19154228855721392,AZ,Tucson,0.36588779380579095,0.310433652822978,0.3264792620611564,0.18181818181818182
356,Auctiongoogle,IT Services,0.8,0.19651741293532338,MD,Greenbelt,0.6740705347172026,0.011894008121177588,0.8186985092054756,0.6363636363636364
357,Fowlappraiser,Retail,0.6666666666666666,0.07213930348258707,AZ,Chandler,0.4180694585361394,0.4665212110117946,0.30014382234085907,0.48484848484848486
358,Fixnummodus,Health,0.6666666666666666,0.2462686567164179,CA,Carlsbad,0.3594373159075041,0.5078263198599066,0.2147215606854805,0.36363636363636365
359,Dullbocce,Government Services,0.7333333333333333,0.05970149253731343,VA,Reston,0.4693593788909307,0.53648896308655,0.3185532012534654,0.2727272727272727
360,Remembergabbro,Construction,0.8666666666666667,0.10945273631840796,UT,Lindon,0.45272403074865974,0.4539463690924133,0.34434904965346225,0.45454545454545453
361,Mincemeatcontroller,Software,0.7333333333333333,0.1417910447761194,TX,Houston,0.4181569207764324,0.1924794271230497,0.44569413500236504,0.6666666666666666
362,Interfaceaboard,IT Services,0.9333333333333333,0.1517412935323383,VA,Herndon,0.4989358844204768,0.22152421577191078,0.5177610777252235,0.9393939393939394
363,Fluetruffles,IT Services,0.13333333333333333,0.19900497512437812,MN,Minneapolis,0.701537082538021,0.5551698575622146,0.5600853261306856,0.5454545454545454
364,Scarletcheeses,Financial Services,0.7333333333333333,0.05970149253731343,UT,Lehi,0.37750375056309765,0.24265059578831003,0.37503711316908617,0.5454545454545454
365,Grapegraves,IT Services,0.4,0.04975124378109453,DC,Washington,0.726011891059797,0.6413910992294065,0.5408270343059062,0.7575757575757576
366,Causedunsure,Software,0.8666666666666667,0.1044776119402985,OH,Columbus,0.2609260463953391,0.4424924257878391,0.14271209051080516,0.5757575757575758
367,Launchingillusion,Financial Services,0.8,0.11691542288557213,TX,Houston,0.36896499277522843,0.28507742045608814,0.3432704092067118,0.6363636363636364
368,Radonspoonbill,Government Services,0.8,0.0945273631840796,CO,Highlands Ranch,0.30808972153965186,0.24668564693052236,0.2977202700472381,0.2727272727272727
369,Puncturecorona,IT Services,0.8666666666666667,0.03233830845771144,FL,Fort Lauderdale,0.6644871363420678,0.2801543740839006,0.6659327892165017,0.9696969696969697
370,Haulbittern,IT Services,0.7333333333333333,0.3407960199004975,NY,New York,0.6642737625194411,0.41949628105391235,0.5917419647413508,0.8181818181818182
371,Smartpans,IT Services,0.6666666666666666,0.572139303482587,GA,Alpharetta,0.8377610988181133,0.6877398943170246,0.6372500296580036,0.6363636363636364
372,Lisppanel,IT Services,1,0.03980099502487562,AZ,Scottsdale,0.6003539342037637,0.2966673262190883,0.587712054726011,0.7575757575757576
373,Dillimported,Health,0.2,0.07213930348258707,TX,Humble,0.3949574989584133,0.984841871370525,0,0.18181818181818182
374,Bookingchildish,Retail,0.6666666666666666,0.022388059701492536,NY,Whitestone,0.4007403701169711,0.3347915673039196,0.3512957999278665,0.6060606060606061
375,Supportersfaint,Financial Services,0.8,0.004975124378109453,NY,Brooklyn,0.5162217173298494,0.11604860611920956,0.5924657935321479,0.5151515151515151
376,Potiondecathlon,IT Services,0.8,0.14925373134328357,TN,Nashville,0.5212738507326452,0.48910722105708104,0.3999256001597954,0.696969696969697
377,Perfumegrown,Financial Services,0.8,0.07960199004975124,NV,Las Vegas,0.35949794371116456,0.05810449128639997,0.4534900692858678,0.5151515151515151
378,Prunewatchful,Health,0.8,0.8159203980099502,SC,Mauldin,0.3270970636617972,0.3891130129965196,0.24270770958449084,0.24242424242424243
379,Stovepuck,Retail,0.9333333333333333,0.1791044776119403,NY,New York,0.5997325367644298,0.5958734014834516,0.4282268179054965,0.3939393939393939
380,Pickyfive,IT Services,0.8,0.10945273631840796,CO,Denver,0.6503849389922087,0.4481580049250894,0.5614873852094289,0.8787878787878788
381,Rattlemurrelet,Health,0.9333333333333333,0.02736318407960199,GA,Woodstock,0.28339453020060645,0.6246688404996922,0.07034997745557968,0.3333333333333333
382,Scalptowhee,Retail,0.8,0.2462686567164179,MI,Commerce Township,0.283739773251013,0.1796717839694439,0.30691891404210503,0.45454545454545453
383,Flexthirsty,Health,0.8,0.01990049751243781,CA,Huntington Beach,0.2575960229762855,0.581914520984646,0.06510338443907986,0.18181818181818182
384,Befriendogle,Government Services,0.6666666666666666,0.12686567164179105,MD,Bethesda,0.5591135103678551,0.2744997250616402,0.5548149308041364,0.2727272727272727
385,Stupidarboreal,IT Services,0.2,0.08706467661691543,PA,Philadelphia,0.7309202399439201,0.5168468313954171,0.6122482241524805,0.696969696969697
386,Bignumadept,IT Services,0.8666666666666667,0.13432835820895522,GA,Suwanee,0.5519775527934999,0.40833796160710284,0.47604820710590584,0.696969696969697
388,Samsungclimbing,IT Services,0.7333333333333333,0.10199004975124377,PA,Allentown,0.671071085524053,0.5622766796190232,0.5233186189151482,0.7575757575757576
389,Kickminstrel,IT Services,0.4666666666666667,0.30845771144278605,VA,Reston,0.6329822561292907,0.30945035107631497,0.616263440714464,0.5757575757575758
391,Solsticeaudio,Health,0.8,0.8930348258706468,AZ,Phoenix,0.43598910481821324,0.6310367050626965,0.23222937966300267,0.24242424242424243
392,Ascendermogul,Health,1,0.12189054726368159,IA,West Des Moines,0.48334117172567553,0.6141165806064824,0.29249232849920526,0.30303030303030304
393,Cribcaused,Financial Services,0.3333333333333333,0.4975124378109453,GA,Marietta,0.3596868861810361,0.36896973042556863,0.2886939894775355,0.5454545454545454
394,Tryfanscaly,Government Services,0.7333333333333333,0.06716417910447761,VA,Alexandria,0.3314880486127848,0.7830068787197505,0.03839258391588448,0.21212121212121213
395,Cajoleavoidant,IT Services,0.26666666666666666,0.03980099502487562,TN,Nashville,0.6976764281602581,0.11386513688641067,0.7901394782837265,0.696969696969697
396,Cogstrip,IT Services,0.8666666666666667,0.07213930348258707,MN,Minneapolis,0.6443246618385374,0.6738010353372661,0.4351575734613026,0.8484848484848485
397,Announcesbuck,Health,0.9333333333333333,0.917910447761194,FL,Deerfield Beach,0.21582311580451194,0.4411926614595054,0.09455567972999614,0.30303030303030304
398,Ericssonsafe,IT Services,0.8,0.01990049751243781,KY,Erlanger,0.4009481367438834,0.6570769378966189,0.18045854201470993,0.6666666666666666
399,Ahemparticular,Retail,0.7333333333333333,0.05223880597014925,MN,Roseville,0.6274023454298902,0.49413241803665103,0.5121950783112267,0.48484848484848486
400,Oraclemend,IT Services,0.8666666666666667,0.6194029850746269,TX,Houston,0.7113180344335887,0.8815646449393005,0.39743459895113686,0.7272727272727273
401,Loosepause,Financial Services,0.4666666666666667,0.208955223880597,FL,Sunrise,0.5093145033020876,0.32833513816431475,0.4723080997038103,0.6666666666666666
402,Dragonnode,IT Services,0.9333333333333333,0.35572139303482586,VA,Falls Church,0.641527271948091,0.5808456170289966,0.4814667840118745,0.7575757575757576
404,Profilecliche,Construction,0.06666666666666667,0.30845771144278605,NY,Melville,0.3786334503067787,0.33320343181094536,0.3281970406192114,0.36363636363636365
405,Indonesianheliopause,Health,0.9333333333333333,0.2960199004975124,GA,atlanta,0.343835143639833,0.876318904798392,0.002236386976330202,0.45454545454545453
406,Soulfulantigravity,Retail,0.8666666666666667,0.14676616915422885,CA,Ontario,0.5566289218954684,0.4918532336847348,0.4367574790761971,0.45454545454545453
407,Toolsavagery,Retail,0.5333333333333333,0.022388059701492536,FL,Tampa,0.45590456232483145,0.4515144695824604,0.3490843538686724,0.5757575757575758
408,Magmarejoice,Health,0.8666666666666667,0.14676616915422885,ME,Portland,0.20318249409467168,0.34017470001175754,0.13448413616699745,0.21212121212121213
409,Bloodhoundthin,Government Services,0.06666666666666667,0.2960199004975124,MD,Greenbelt,0.5945911388084328,0.38471757451146216,0.5347357574892695,0.21212121212121213
410,Waggerhooves,IT Services,0.6666666666666666,0.0945273631840796,FL,Tampa,0.5700584059523587,0.491208969803974,0.45164351968825156,0.7878787878787878
411,Miaowgrinder,Construction,0.06666666666666667,0.43532338308457713,NY,Niagara Falls,0.293464202611211,0.5072247549330315,0.14359223378878339,0.24242424242424243
412,Fablescraper,IT Services,0.6666666666666666,0.02736318407960199,MI,Kentwood,0.6348121043735425,0.5468601099528708,0.4922330730875142,0.8787878787878788
413,Lardassare,Financial Services,0.8666666666666667,0.21641791044776118,IL,Bridgeview,0.44670370486445254,0.020368933262658734,0.5679628063693464,0.5454545454545454
415,Bonfirefailing,IT Services,0.8,0.10696517412935323,NY,Latham,0.7791955917028323,0.33967702225259044,0.75856823520456,0.8484848484848485
416,Openstrustee,Financial Services,0.8,0.05970149253731343,TX,Carrollton,0.5922866814983668,0.5387180936408489,0.450499815979407,0.6060606060606061
417,Launchbiggest,IT Services,1,0.06965174129353234,MO,St. Louis,0.6174658939817468,0.38606923134834614,0.5587915973833291,0.696969696969697
418,Blueshiftcrispy,Health,0.6666666666666666,0.5696517412935324,TX,Dallas,0.390825145909746,0.8940462233541417,0.043717090188742015,0.2727272727272727
419,Twistedelephant,IT Services,0.8,0.3706467661691542,NY,New York,0.7550437476413482,0.280216992406226,0.7639720102184022,0.5757575757575758
420,Whinchatdates,Health,0.8666666666666667,0.0945273631840796,PA,Shillington,0.28233106545630005,0.3091363401092215,0.23667623674959556,0.5151515151515151
421,Annoyinglyarabian,IT Services,0.8666666666666667,0.06716417910447761,TX,Plano,0.6539786508025749,0.16289967574332698,0.7167884578640555,0.6060606060606061
423,Hostileglove,Retail,0.8666666666666667,0.04477611940298507,GA,Kennesaw,0.44560124007138363,0.43188081639174025,0.34834702445099075,0.36363636363636365
424,Ikeamongolian,Health,0.8666666666666667,0.3283582089552239,OH,Cleveland,0.26681760703510815,0.6572253627291456,0.03511691976637084,0.2727272727272727
425,Handgunheard,Retail,0.8,0.16417910447761194,ND,Jamestown,0.36986194383252025,0.36137799943551574,0.3037430677805208,0.36363636363636365
426,Trapexperts,Financial Services,0.8,0.818407960199005,PA,Allentown,0.34808429657779827,0.1167479291773495,0.4100024355347777,0.3939393939393939
427,Currymercurial,IT Services,0.7333333333333333,0.022388059701492536,FL,Tampa,0.7202294704794663,0.357737658240229,0.6851219513253061,0.7878787878787878
428,Totallyzonked,IT Services,0.9333333333333333,0.12935323383084577,CA,Santa Clara,0.5342106525303922,0.6759469131465482,0.3147655434506561,0.696969696969697
430,Slicerseptum,IT Services,1,0.417910447761194,IL,Chicago,0.6478097842961873,0.45343275583849457,0.5558987763118542,0.8787878787878788
431,Librationmelba,IT Services,0.7333333333333333,0.0472636815920398,WI,Madison,0.6116519829897707,0.5936777763283742,0.44230092322600134,0.696969696969697
432,Placehospitable,Retail,0.8666666666666667,0.05472636815920398,ID,Coeur d Alene,0.6378573623531077,0.18939764544892995,0.6852646025274475,0.6666666666666666
433,Arabianagena,Retail,0.9333333333333333,0.48258706467661694,MN,Minneapolis,0.6060735241535462,0.4920015563666541,0.49022706427838225,0.3939393939393939
434,Admitruppell,Retail,0.7333333333333333,0.11442786069651742,UT,Lehi,0.47760335838982165,0.14713436390357104,0.5341425974165114,0.45454545454545453
435,Lucrepickled,IT Services,0.3333333333333333,0.10945273631840796,VA,Glen Allen,0.5536713264131861,0.35151821850975135,0.5080412770009827,0.6060606060606061
436,Marchedsausage,IT Services,0.7333333333333333,0.12189054726368159,CO,Denver,0.6400415653408018,0.33701691828574526,0.6092768934114121,0.6666666666666666
437,Glandminer,IT Services,0.8,0.13432835820895522,CA,Santa Clara,0.5622169430029557,0.24823700820483893,0.5721156317306589,0.7878787878787878
438,Tausnash,Construction,0.6666666666666666,0.23383084577114427,FL,Sarasota,0.23624792696467375,0.4756181312016272,0.09840335839208726,0.36363636363636365
439,Enterwaist,IT Services,0.7333333333333333,0.31094527363184077,WA,Bellevue,0.5017721742311909,0.5197405538013459,0.3625458343571761,0.6666666666666666
440,Crunchabout,Government Services,0.7333333333333333,0.2462686567164179,FL,Orlando,0.1873231918521038,0.3907011484894939,0.09049020179804494,0.15151515151515152
441,Grippingstirring,Construction,0.8666666666666667,0.2960199004975124,TX,Mansfield,0.12934398713869508,0.2880327396782685,0.08219317195764729,0.42424242424242425
444,Ridglingshod,Health,0.8,0.05472636815920398,CA,San Diego,0.32330394595384254,0.8267982312009428,0.0062857075315280305,0.36363636363636365
445,Linkedallianz,Health,0.8,0.8233830845771144,OH,Columbus,0.22352960554279305,0.5654233269288308,0.03696276451198108,0.24242424242424243
446,Sculptorjelly,Health,0.4666666666666667,0.0472636815920398,NC,Durham,0.45255396250007635,0.5922091570460374,0.2707778985303727,0.2727272727272727
447,Surroundoutrageous,IT Services,0.8666666666666667,0.3706467661691542,PA,North Wales,0.7381813581368971,0.23018648512733125,0.7722652447018443,0.7878787878787878
448,Testingear,Construction,0.8666666666666667,0.022388059701492536,TN,Nashville,0.4413379189513903,0.45640196754327894,0.3307145551071733,0.3333333333333333
449,Riddledinfant,IT Services,0.7333333333333333,0.12189054726368159,NJ,South Plainfield,0.5773701891637538,0.40685912726402773,0.5043332674748536,0.7575757575757576
450,Detritaldartford,Health,0.8666666666666667,0.12189054726368159,MA,Cambridge,0.35232018249018965,0.8426009301630007,0.02932243986365343,0.30303030303030304
451,Appliesoverrated,IT Services,0.9333333333333333,0.03482587064676617,FL,Boca Raton,0.7845420027521318,0.37343810444429715,0.7464387081298932,0.696969696969697
452,Bumhercules,Government Services,0.7333333333333333,0.13432835820895522,MD,Rockville,0.22984290740307037,0.5965339073107861,0.02728720680596422,0.30303030303030304
453,Flaskssunny,Construction,0.8666666666666667,0.43283582089552236,IL,Rolling Meadows,0.3381411865847442,0.014633176658136751,0.4534344401967773,0.30303030303030304
454,Glazetwang,IT Services,1,0.12189054726368159,TX,Haltom City,0.6522805215933608,0.1140971209157761,0.7408527559821874,0.6060606060606061
455,Blendplacid,Government Services,1,0.8084577114427861,AL,Huntsville,0.43783827786198026,0.47079039134612743,0.3192873859468125,0.30303030303030304
456,Infectedduck,IT Services,0.06666666666666667,0.6890547263681592,IL,Springfield,0.6799398167668569,0.4134130080830754,0.6119371133209005,0.696969696969697
458,Moleculecircle,Retail,0.9333333333333333,0.03731343283582089,FL,Tampa,0.5636705584276301,0.0975874376000246,0.6536515020830004,0.42424242424242425
459,Portlyroomy,Financial Services,0.7333333333333333,0.09701492537313433,MO,St. Louis,0.3940716120998077,0.287689615788071,0.36907428207570026,0.5757575757575758
460,Rustyentertain,Construction,0.8666666666666667,0.05472636815920398,TX,Carrollton,0.3910567431184439,0.16442202624514696,0.4312370239456661,0.45454545454545453
461,Novelfollicle,Financial Services,0.6666666666666666,1,OK,Tulsa,0.4602322660670438,0.2357511394644877,0.46829385909075827,0.48484848484848486
462,Yawningcricket,Financial Services,0.8666666666666667,0.04975124378109453,NC,Davidson,0.6213924829733998,0.31278219743730684,0.6019432878244731,0.696969696969697
463,Friendlego,Construction,0.8666666666666667,0.09203980099502487,NJ,Westfield,0.36752494476161257,0.42985343328702164,0.2648667927303516,0.3333333333333333
464,Lambdafortunate,Health,0.7333333333333333,0.14427860696517414,NC,Durham,0.33240622691099486,0.7342663293108808,0.06525742171208769,0.3333333333333333
465,Dashedcompounds,IT Services,1,0.14427860696517414,CA,San Ramon,0.5485103533364366,0.7975714101697263,0.26569634932205166,0.7878787878787878
466,Hayloftmizuna,Health,0.9333333333333333,0.2885572139303483,CT,Brookfield,0.6746950862041258,0.6197158639995416,0.496755891532602,0.2727272727272727
467,Thalliumwould,IT Services,1,0.6890547263681592,NY,Clifton Park,0.44420054255626246,0.8984578016351656,0.09918086437411203,0.7272727272727273
468,Regexsay,Financial Services,0.3333333333333333,0.1417910447761194,CA,San Diego,0.39082234231188884,0.29871370933678004,0.35970397950767496,0.5454545454545454
469,Hoeforeach,IT Services,0.7333333333333333,0.05970149253731343,WI,Wauwatosa,0.5589438426332513,0.1591312376863827,0.6158663379381496,0.7878787878787878
470,Dessertsanchovy,Government Services,0.8666666666666667,0.30597014925373134,CA,San Diego,0.4617798020199322,0.4773557130332019,0.34173122930310523,0.12121212121212122
471,Reveredtogether,Health,0.8666666666666667,0.26119402985074625,WA,Seattle,0.4395227895958884,0.7037146149019144,0.19748044686315916,0.21212121212121213
473,Rosychoke,IT Services,0.8,0.8631840796019901,IN,Indianapolis,0.6167040663283191,0.3408679961840619,0.5819584020202576,0.8787878787878788
474,Valuesbilled,IT Services,0.9333333333333333,0.23383084577114427,NY,New York,0.5696727109900135,0.7567923769496337,0.31025974989248295,0.696969696969697
475,Stayspheroid,Government Services,0.8,0.19651741293532338,VA,Reston,0.31736757781260694,0.2065521033984792,0.3290701895965145,0.3333333333333333
476,Barmpotfishified,Health,0.9333333333333333,0.4154228855721393,IA,Coralville,0.4194206425105338,0.7123974165294188,0.17110125209910348,0.3333333333333333
477,Soddenfurther,Financial Services,0.7333333333333333,0.0472636815920398,CA,San Diego,0.37084185134783465,0.24992555774487007,0.36396090608833814,0.6666666666666666
478,Drudgelepe,Health,0.6666666666666666,0.05223880597014925,ID,Moscow,0.3479836674404263,0.6440289343638422,0.13002383267290507,0.18181818181818182
479,Heinzvolary,Health,1,0.06965174129353234,CA,Carlsbad,0.34494406672082284,0.34795775908943766,0.2838802840315019,0.42424242424242425
480,Excellencerecent,Health,0.7333333333333333,0.945273631840796,TX,Farmers Branch,0.4393563259731213,0.7708490155797042,0.1616666453403752,0.24242424242424243
481,Condemnedgenuine,Government Services,0.9333333333333333,0.06716417910447761,MD,Silver Spring,0.3586217693165639,0.4240479078176575,0.25830613869709085,0.2727272727272727
482,Fatsohealth,IT Services,0.6666666666666666,0.04975124378109453,SC,Florence,0.5208528604758487,0.5714105783287282,0.35578478547666537,0.7272727272727273
483,Abusivebong,Construction,0.6666666666666666,0.017412935323383085,WI,Oshkosh,0.3358111464442319,0.38512985436285757,0.25425920379483646,0.30303030303030304
485,Foxwml,Health,0.8,0.11691542288557213,PA,Plymouth Meeting,0.4123659392097879,0.8441970334033507,0.09350458273086559,0.2727272727272727
486,Serpentineappeals,Financial Services,0.9333333333333333,0.11691542288557213,NV,henderson,0.49254293034250857,0.14187983881042757,0.5531110866280465,0.7878787878787878
487,Genusequ,Construction,0.5333333333333333,0.10945273631840796,NC,Greensboro,0.33356541449642324,0.5792505352947204,0.14879192703719038,0.42424242424242425
488,Fearwhimbrel,Government Services,0.9333333333333333,0.2462686567164179,VA,Falls Church,0.44067687062807703,0.7321460913040516,0.18363948489849155,0.21212121212121213
490,Suckedregister,Retail,0.7333333333333333,0.2462686567164179,TX,Houston,0.4843975273468442,0.40083213927785855,0.4068432346244126,0.3939393939393939
491,Comparejson,Construction,0.9333333333333333,0.30845771144278605,IL,Glendale Heights,0.5268668782648773,0.6594934126648571,0.3155454350856243,0.42424242424242425
492,Pickledcanoeing,Retail,0.8666666666666667,0.03731343283582089,OH,Medina,0.49155476222636507,0.6526417628252896,0.28093926192669233,0.3939393939393939
493,Assurehelp,IT Services,1,0.022388059701492536,MN,Minneapolis,0.6600387276992564,0.4017400538762734,0.5965800689106696,0.6363636363636364
494,Shrimpssecurity,Government Services,0.6666666666666666,0.2562189054726368,DC,Washington,0.304568903273571,0.5397929223317265,0.13833208592601395,0.24242424242424243
495,Rawfishcomplete,Financial Services,0.8666666666666667,0.30597014925373134,CA,Los Angeles,0.4400262857324805,0.29418956108642075,0.4153929810186608,0.7575757575757576
496,Buretteadmirable,IT Services,0.6666666666666666,0.22885572139303484,ME,Portland,0.6794585992203795,0.282131499089787,0.6810974090290891,0.8484848484848485
497,Inventtremendous,Construction,0.6666666666666666,0.05721393034825871,MN,Woodbury,0.36592659359756374,0.4785527138505089,0.23728723500004445,0.42424242424242425
499,Belaguerra,IT Services,0.7333333333333333,0.34577114427860695,MI,Troy,0.7785697886097228,0.13448791440841468,0.866800537943051,0.7878787878787878
500,Allpossible,IT Services,0.8,0.05721393034825871,CA,Los Angeles,0.5063492479899455,0.06312315062709747,0.6098656617139788,0.8181818181818182